{
  "training_date": "2026-02-17T20:43:04.049910",
  "best_models": {
    "24h": {
      "type": "RandomForest",
      "metrics": {
        "rmse": 14.929162977311224,
        "mae": 11.711978391014783,
        "r2": 0.5830598332016633
      }
    },
    "48h": {
      "type": "RandomForest",
      "metrics": {
        "rmse": 14.99168749809616,
        "mae": 11.841182238497337,
        "r2": 0.5817102889954914
      }
    },
    "72h": {
      "type": "RandomForest",
      "metrics": {
        "rmse": 15.095126774601667,
        "mae": 11.867296524807829,
        "r2": 0.5829089893864556
      }
    }
  },
  "all_metrics": {
    "24h": {
      "LightGBM": {
        "rmse": 15.215830036833506,
        "mae": 11.93611402283355,
        "r2": 0.5668940854888644
      },
      "XGBoost": {
        "rmse": 15.487188819677714,
        "mae": 12.299632056741153,
        "r2": 0.551308332843337
      },
      "RandomForest": {
        "rmse": 14.929162977311224,
        "mae": 11.711978391014783,
        "r2": 0.5830598332016633
      }
    },
    "48h": {
      "LightGBM": {
        "rmse": 15.445818576161674,
        "mae": 12.087064843449705,
        "r2": 0.5559846347012207
      },
      "XGBoost": {
        "rmse": 15.451918866093797,
        "mae": 12.186489558500401,
        "r2": 0.5556338397813743
      },
      "RandomForest": {
        "rmse": 14.99168749809616,
        "mae": 11.841182238497337,
        "r2": 0.5817102889954914
      }
    },
    "72h": {
      "LightGBM": {
        "rmse": 15.750306040873344,
        "mae": 12.375514640860676,
        "r2": 0.5459169466479292
      },
      "XGBoost": {
        "rmse": 15.643318449807397,
        "mae": 12.278829314287972,
        "r2": 0.5520649227202226
      },
      "RandomForest": {
        "rmse": 15.095126774601667,
        "mae": 11.867296524807829,
        "r2": 0.5829089893864556
      }
    }
  }
}