{
  "Ridge Regression": {
    "rmse": 27.254680811934563,
    "mae": 21.346812525351044,
    "r2": 0.4003175157283122
  },
  "Random Forest": {
    "rmse": 23.684766026505134,
    "mae": 18.353197216203032,
    "r2": 0.5471260280010679
  },
  "XGBoost": {
    "rmse": 23.976931552860364,
    "mae": 18.57399382887845,
    "r2": 0.5358841817628789
  },
  "LightGBM": {
    "rmse": 23.764536452125913,
    "mae": 18.33780048660804,
    "r2": 0.5440703266562195
  }
}